{"1": [0.023333333333333334], "5": [0.11666666666666667], "10": [0.25666666666666665], "25": [0.44333333333333336]}