{"1": [0.01, 0.0033333333333333335, 0.0033333333333333335, 0.016666666666666666, 0.03666666666666667], "5": [0.08, 0.05333333333333334, 0.056666666666666664, 0.09, 0.07666666666666666], "10": [0.15333333333333332, 0.1, 0.11666666666666667, 0.18666666666666668, 0.12333333333333334], "25": [0.29333333333333333, 0.26666666666666666, 0.25333333333333335, 0.37666666666666665, 0.2833333333333333]}