{"1": [0.06, 0.05333333333333334, 0.043333333333333335, 0.04666666666666667, 0.016666666666666666], "5": [0.22666666666666666, 0.15333333333333332, 0.20333333333333334, 0.18333333333333332, 0.14666666666666667], "10": [0.31666666666666665, 0.2633333333333333, 0.29, 0.29, 0.27], "25": [0.5, 0.5433333333333333, 0.5, 0.4766666666666667, 0.43666666666666665]}