{"1": [0.16333333333333333, 0.13666666666666666, 0.16, 0.16333333333333333, 0.12666666666666668], "5": [0.3433333333333333, 0.42, 0.4266666666666667, 0.37333333333333335, 0.44333333333333336], "10": [0.5066666666666667, 0.5533333333333333, 0.5366666666666666, 0.49333333333333335, 0.5733333333333334], "25": [0.7266666666666667, 0.7533333333333333, 0.7266666666666667, 0.7033333333333334, 0.7066666666666667]}