{"1": [0.0033333333333333335, 0.0, 0.016666666666666666, 0.0033333333333333335, 0.006666666666666667, 0.01, 0.0033333333333333335, 0.006666666666666667, 0.02, 0.0033333333333333335, 0.03333333333333333, 0.013333333333333334, 0.03, 0.016666666666666666, 0.02, 0.05, 0.043333333333333335, 0.01, 0.01, 0.03333333333333333, 0.01, 0.0, 0.01, 0.0033333333333333335, 0.016666666666666666, 0.04, 0.04666666666666667, 0.04, 0.02666666666666667, 0.03333333333333333, 0.10333333333333333, 0.12333333333333334, 0.016666666666666666, 0.15666666666666668, 0.15], "5": [0.05, 0.04666666666666667, 0.06333333333333334, 0.03333333333333333, 0.056666666666666664, 0.056666666666666664, 0.07666666666666666, 0.06666666666666667, 0.06333333333333334, 0.03, 0.1, 0.07666666666666666, 0.06333333333333334, 0.07333333333333333, 0.06666666666666667, 0.15333333333333332, 0.10666666666666667, 0.05, 0.09666666666666666, 0.11666666666666667, 0.03666666666666667, 0.04666666666666667, 0.03666666666666667, 0.03, 0.06666666666666667, 0.13, 0.15666666666666668, 0.09, 0.08666666666666667, 0.11666666666666667, 0.38, 0.36, 0.27666666666666667, 0.3933333333333333, 0.37666666666666665], "10": [0.06666666666666667, 0.08666666666666667, 0.11666666666666667, 0.056666666666666664, 0.09, 0.11, 0.12, 0.09666666666666666, 0.11666666666666667, 0.09666666666666666, 0.17666666666666667, 0.11333333333333333, 0.15333333333333332, 0.11666666666666667, 0.15666666666666668, 0.21333333333333335, 0.18666666666666668, 0.15, 0.19666666666666666, 0.21333333333333335, 0.09333333333333334, 0.09666666666666666, 0.07333333333333333, 0.09333333333333334, 0.12, 0.23333333333333334, 0.26666666666666666, 0.17333333333333334, 0.19, 0.23, 0.5266666666666666, 0.51, 0.4166666666666667, 0.5133333333333333, 0.4866666666666667], "25": [0.21666666666666667, 0.23, 0.30333333333333334, 0.19333333333333333, 0.22333333333333333, 0.31, 0.25666666666666665, 0.32666666666666666, 0.30666666666666664, 0.28, 0.38333333333333336, 0.30333333333333334, 0.34, 0.39, 0.3233333333333333, 0.4066666666666667, 0.49333333333333335, 0.37333333333333335, 0.4533333333333333, 0.4066666666666667, 0.26, 0.29, 0.22666666666666666, 0.24666666666666667, 0.3, 0.42333333333333334, 0.44, 0.43, 0.41, 0.4766666666666667, 0.7, 0.6733333333333333, 0.5966666666666667, 0.6866666666666666, 0.7133333333333334]}