{"1": [0.6233333333333333, 0.58, 0.6266666666666667, 0.57, 0.5733333333333334], "5": [0.7333333333333333, 0.72, 0.74, 0.75, 0.7266666666666667], "10": [0.7766666666666666, 0.7733333333333333, 0.8033333333333333, 0.8266666666666667, 0.7733333333333333], "25": [0.8866666666666667, 0.8666666666666667, 0.8833333333333333, 0.8766666666666667, 0.85]}