{"1": [0.5466666666666666, 0.52, 0.53, 0.5166666666666667, 0.5933333333333334], "5": [0.7566666666666667, 0.6833333333333333, 0.7033333333333334, 0.7, 0.71], "10": [0.8, 0.72, 0.76, 0.8, 0.7566666666666667], "25": [0.89, 0.8233333333333334, 0.8433333333333334, 0.88, 0.8133333333333334]}