{"1": [0.31, 0.27, 0.23333333333333334, 0.25666666666666665, 0.29], "5": [0.5866666666666667, 0.5533333333333333, 0.5266666666666666, 0.54, 0.5566666666666666], "10": [0.69, 0.6733333333333333, 0.62, 0.6366666666666667, 0.6266666666666667], "25": [0.7833333333333333, 0.7966666666666666, 0.78, 0.7866666666666666, 0.7466666666666667]}