{"1": [0.22666666666666666, 0.20666666666666667, 0.2633333333333333, 0.16666666666666666, 0.22666666666666666], "5": [0.47, 0.46, 0.49, 0.37333333333333335, 0.5033333333333333], "10": [0.63, 0.5666666666666667, 0.5933333333333334, 0.5733333333333334, 0.5766666666666667], "25": [0.8033333333333333, 0.7733333333333333, 0.7666666666666667, 0.6966666666666667, 0.7533333333333333]}