{"1": [0.08, 0.04, 0.03, 0.023333333333333334, 0.043333333333333335], "5": [0.20333333333333334, 0.14666666666666667, 0.20666666666666667, 0.16, 0.16], "10": [0.32, 0.23333333333333334, 0.29, 0.25, 0.2633333333333333], "25": [0.5033333333333333, 0.44666666666666666, 0.5033333333333333, 0.5166666666666667, 0.5]}