{"1": [0.01, 0.01, 0.01, 0.006666666666666667, 0.0033333333333333335], "5": [0.04666666666666667, 0.1, 0.07333333333333333, 0.043333333333333335, 0.043333333333333335], "10": [0.12, 0.17666666666666667, 0.13, 0.1, 0.13], "25": [0.31333333333333335, 0.3333333333333333, 0.32, 0.24333333333333335, 0.3]}