{"1": [0.0033333333333333335, 0.0, 0.016666666666666666, 0.01, 0.0], "5": [0.06666666666666667, 0.043333333333333335, 0.04666666666666667, 0.06333333333333334, 0.02], "10": [0.11333333333333333, 0.07, 0.10333333333333333, 0.09666666666666666, 0.09666666666666666], "25": [0.26666666666666666, 0.21, 0.25333333333333335, 0.2966666666666667, 0.21]}