{"1": [0.03666666666666667, 0.043333333333333335, 0.03666666666666667, 0.04, 0.023333333333333334], "5": [0.17, 0.17, 0.12666666666666668, 0.16666666666666666, 0.12], "10": [0.2633333333333333, 0.2833333333333333, 0.22666666666666666, 0.2733333333333333, 0.19333333333333333], "25": [0.44333333333333336, 0.45, 0.5233333333333333, 0.5566666666666666, 0.37666666666666665]}