{"1": [0.02666666666666667, 0.04, 0.016666666666666666, 0.01, 0.02], "5": [0.09, 0.16666666666666666, 0.1, 0.13333333333333333, 0.1], "10": [0.19, 0.26, 0.17666666666666667, 0.20666666666666667, 0.22666666666666666], "25": [0.38, 0.49, 0.4266666666666667, 0.4166666666666667, 0.42333333333333334]}