{"1": [0.66, 0.6333333333333333, 0.6766666666666666, 0.6666666666666666, 0.7366666666666667], "5": [0.8166666666666667, 0.7666666666666667, 0.7566666666666667, 0.7933333333333333, 0.8466666666666667], "10": [0.88, 0.8333333333333334, 0.8066666666666666, 0.8633333333333333, 0.8766666666666667], "25": [0.92, 0.9233333333333333, 0.8433333333333334, 0.95, 0.9333333333333333]}