{"1": [0.59, 0.5533333333333333, 0.56, 0.63, 0.5533333333333333], "5": [0.72, 0.7166666666666667, 0.7566666666666667, 0.75, 0.7233333333333334], "10": [0.7566666666666667, 0.76, 0.81, 0.79, 0.7866666666666666], "25": [0.85, 0.8233333333333334, 0.8866666666666667, 0.8933333333333333, 0.8566666666666667]}