{"1": [0.61, 0.6733333333333333, 0.6666666666666666, 0.68, 0.6766666666666666], "5": [0.8066666666666666, 0.7966666666666666, 0.81, 0.83, 0.7733333333333333], "10": [0.8333333333333334, 0.85, 0.8766666666666667, 0.8566666666666667, 0.8366666666666667], "25": [0.9233333333333333, 0.9066666666666666, 0.9366666666666666, 0.9333333333333333, 0.91]}