{"1": [0.14333333333333334, 0.15333333333333332, 0.12666666666666668, 0.14666666666666667, 0.14333333333333334], "5": [0.3466666666666667, 0.38, 0.37666666666666665, 0.4033333333333333, 0.43], "10": [0.53, 0.5, 0.53, 0.5033333333333333, 0.5466666666666666], "25": [0.7033333333333334, 0.6966666666666667, 0.76, 0.6833333333333333, 0.73]}